Epoch,Train Loss,Train Accuracy,Validation Loss,Validation Accuracy
1,0.984763956229432,0.6949889838606923,1.9337262951519096,0.505394804446171
2,0.8635808063884985,0.7303036738160968,1.9783376035514748,0.5047306357222522
3,0.8306723574236159,0.7401286101083032,1.869614467168028,0.5152194889660271
4,0.8108823106506114,0.7462372584412826,1.996351104889372,0.5005200566423138
