Epoch,Train Loss,Train Accuracy,Validation Loss,Validation Accuracy
1,0.9990555246713233,0.6953506583138671,2.0319855137500795,0.5258336570633717
2,0.8837363068706596,0.7281402633255468,2.1351252946655372,0.50449253750047
3,0.8431057590262655,0.7404637396474836,1.9974918406559925,0.5311720698254364
4,0.818577214104022,0.7488618868124868,2.0819947421696403,0.5197684181506034
