Epoch,Train Loss,Train Accuracy,Validation Loss,Validation Accuracy
1,0.8479780115552656,0.7396972552558929,1.9821605881272897,0.5409340969185078
2,0.6961456227008895,0.7825706094712254,1.963686047265784,0.5505958721287234
3,0.6611381619187722,0.7935701582076874,1.9883868972471384,0.5617739570671312
