Epoch,Train Loss,Train Accuracy,Validation Loss,Validation Accuracy
1,1.3693797251909345,0.5853850339774899,1.8269496544209438,0.4760335342548152
2,1.2403032818679016,0.6277772616266724,1.8108106014547758,0.5046679782954674
3,1.192140319211186,0.6426258228923338,1.7926212940902169,0.49067030915174376
4,1.1688937152437051,0.6495805903588873,1.7896446886513053,0.5155829020413789
5,1.1501923345360034,0.6566879910809089,1.8393729209726613,0.5012970087344453
