Epoch,Train Loss,Train Accuracy,Validation Loss,Validation Accuracy
1,0.9345098728965513,0.7142871363346783,1.9347073124826988,0.5412599155377887
2,0.7886313893127198,0.7551862125716713,1.9077741141145925,0.552563315329766
3,0.7456226742022051,0.7671214695264388,2.0187842158818956,0.5557463126104337
